Robert;per:siblings;Renly
Robert;per:siblings;Renly
Robert;per:siblings;Eddard Stark Stark
Starks;per:siblings;Renly
Prince Tommen;per:siblings;Bran
Horas Redwyne;per:siblings;Ser Meryn
Joffrey;per:parents;King Robert
Tyrion;per:siblings;Sansa
Aemon Aemon Targaryen;per:parents;Maekar I)
Chella;per:parents;Cheyk
Chella;per:parents;Cheyk
Chella;per:parents;Cheyk
Chella;per:parents;Cheyk
Chella;per:parents;Cheyk
Chella;per:parents;Cheyk
Walder Frey;per:parents;Merrett
the King in the North;per:siblings;Robb
Walder Frey;per:parents;Merrett
Walder Frey;per:parents;Merrett
Walder Frey;per:parents;Jammos
Walder;per:parents;Jammos
Walder;per:parents;Merrett
Walder;per:spouse;Crakehall
Walder Frey;per:parents;Merrett
Walder Frey;per:parents;Merrett
Walder Frey;per:parents;Merrett
Walder Frey;per:parents;Merrett
Walder Frey;per:parents;Merrett
TomToo;per:parents;Tomard
TomToo;per:parents;Tomard
Walder Frey;per:parents;Merrett
Walder Frey;per:parents;Merrett
Walder Frey;per:parents;Merrett
Walder Frey;per:parents;Merrett
Aemon;per:parents;Maekar
Aemon Targaryen;per:parents;Maekar
Daeron;per:parents;Aegon IV Targaryen
Aemon Targaryen;per:parents;Maekar I)
Maekar;per:children;Aemon
King;per:siblings;Daeron
Aegon;per:siblings;Aemon
Olyvar Frey;per:parents;the Lady Genna
Walder;per:children;Ser Emmon Frey
Catelyn;per:siblings;Ser Edmure Tully
Catelyn;per:siblings;Edmure
Edmure;per:siblings;Catelyn
Edmure;per:siblings;Cersei
Shae;per:siblings;Tysha
Stannis Baratheon;per:children;Devan
Nissa Nissa;per:spouse;Azor Ahai
Robb;per:siblings;Jon Snow
Doreah;per:siblings;Rhaegar
Doreah;per:siblings;Viserys
Viserys;per:siblings;Khal Drogo
Viserys;per:siblings;Rhaegar
Jason Mallister;per:siblings;Ser Hosteen
Tyrion;per:children;Cersei
Walder Frey;per:parents;Merrett
Walder Frey;per:parents;Jammos)'s
Walder Frey;per:parents;Jammos
Walder Frey;per:parents;Merrett
Walder Frey;per:parents;Jammos
Walder Frey;per:parents;Merrett
Walder Frey;per:parents;Merrett
Walder Frey;per:parents;Jammos
Walder Frey;per:parents;Merrett
Walder Frey;per:parents;Jammos
Walder Frey;per:parents;Jammos
Walder Frey;per:parents;Merrett
Walder Frey;per:parents;Merrett
Walder Frey;per:parents;Merrett
Ser Wylis;per:parents;Tywin Lannister
Hother;per:siblings;Bran
Mors;per:spouse;Donella Hornwood
Martyn;per:siblings;Jory
Hornwood;per:siblings;Halys
Stannis;per:siblings;Tyrion
Renly;per:siblings;Stannis
Doran Martell;per:siblings;Elia
King Aerys;per:siblings;Jaime
Tion Frey;per:siblings;Tyrion
Myrcella;per:spouse;Tommen
Benjen Stark;per:siblings;Bran
Walder Frey;per:parents;Merrett
Walder Frey;per:parents;Merrett
Walder Frey;per:parents;Merrett
Walder Frey;per:parents;Merrett
Catelyn;per:parents;Robert
Margaery;per:parents;Mace Tyrell
Margaery;per:parents;Mace Tyrell
Brienne Tarth;per:parents;Selwyn
Robert;per:siblings;Renly
Grenn;per:siblings;Dywen
Ambrode;per:spouse;Sigrin
Ambrode;per:children;Sigrin
Balon;per:siblings;Silence
Trystane;per:parents;Princess Myrcella
Sansa Stark;per:parents;Joffrey
Rhaegar;per:siblings;Daenerys Targaryen
Jojen;per:siblings;Bran
Arya;per:siblings;Bran
Bran;per:siblings;Jon
Robert;per:siblings;Stannis
Ilyn Payne;per:children;Joffrey
Hobber;per:siblings;Sandor Clegane
Sansa;per:siblings;Jaime
Rickon;per:siblings;Bran
Robert;per:siblings;Brienne
Renly;per:siblings;Robert's
Walder Frey;per:parents;Jammos
Walder Frey;per:parents;Jammos
Walder Frey;per:parents;Jammos
Walder Frey;per:parents;Jammos
Walder Frey;per:parents;Jammos
Bran;per:siblings;Osha
Walder Frey;per:parents;Jammos
Walder Frey;per:parents;Jammos
Walder Frey;per:parents;Jammos
Walder Frey;per:parents;Jammos
Walder Frey;per:parents;Jammos
Walder Frey;per:parents;Jammos
Walder Frey;per:parents;Jammos
Walder Frey;per:parents;Jammos
Walder Frey;per:parents;Jammos
Walder Frey;per:parents;Jammos
Meera;per:siblings;Jojen Reed
Lady Hornwood;per:spouse;Hornwood
King Joffrey;per:spouse;Loras Tyrell
Tywin;per:siblings;Ser Kevan
Walder Frey;per:children;Martyn Rivers
Lucas;per:parents;Tytos
Brienne Tarth;per:parents;Selwyn the Evenstar
Catelyn;per:siblings;Robb
Osney;per:siblings;Osfryd
Aemon Aemon Targaryen;per:parents;Viserys II
Meryn;per:siblings;Cersei
Jalabhar Xho;per:parents;Tanda
Joffrey;per:siblings;Sansa Stark
Shagga;per:parents;Dolf
Catelyn;per:siblings;Edmure
Ashara Dayne;per:children;Jon
Arya;per:siblings;Sansa
Walder Frey;per:parents;Merrett
Meera;per:siblings;Jojen Reed
Arya Stark;per:parents;Lommy
Eddard Stark Stark;per:siblings;Robb
Bran;per:siblings;Rickon
Aemon Aemon Targaryen;per:parents;Maekar I)
Ser Osmund's;per:siblings;Osney
Catelyn;per:children;Bran Catelyn
Her;per:siblings;Bran Stark
Robb;per:siblings;Sansa
Aemon Aemon Targaryen;per:parents;Maekar I)
Davos;per:children;Matthos
Tyrion;per:siblings;Robert
Sansa;per:siblings;Osfryd
Cersei;per:siblings;Osfryd
Aemon Aemon Targaryen;per:parents;Maekar I)
Aegon Targaryen;per:parents;Rhaegar
Elmar;per:parents;the Lord of the Crossing
Arya;per:parents;Syrio Forel
Ser Loras;per:siblings;Ser Garlan Tyrell
Garlan Tyrell;per:siblings;Ser Loras
Margaery;per:siblings;Garlan
Petyr Baelish;per:spouse;Garlan Tyrell
Rickard Stark;per:parents;Lord Edwyle
Rickard Stark;per:parents;Edwyle
Rickard Stark;per:parents;Edwyle
Rickard Stark;per:parents;Edwyle
Bran;per:parents;Eddard
Maester Vyman;per:children;Catelyn
Catelyn;per:siblings;Lysa
Rickon;per:siblings;Bran
Lannister;per:siblings;Catelyn
Tyrek;per:parents;Tarly
Joffrey;per:spouse;Margaery
Cersei;per:siblings;Tarly
Ser Osfryd;per:siblings;Osney Oswell Kettleblack
Lady Alerie;per:spouse;Tyrell
the Lady Olenna;per:spouse;Luthor Tyrell
Robert;per:children;Renly
Sansa;per:spouse;Lord Luthor
Tyrell;per:siblings;Loras
Ser Loras;per:spouse;Sansa
Myrcella;per:siblings;Robb
Balerion;per:siblings;Viserys
Aegon;per:spouse;Visenya
Rickon;per:siblings;Bran
Aemon Aemon Targaryen;per:parents;Maekar I)
Robert Baratheon;per:children;Jaime
Aegon;per:parents;Rhaegar
Aemon Aemon Targaryen;per:parents;Maekar
Gawen;per:spouse;Lady Sybell
Walder Frey;per:parents;Ryman
Jon Arryn;per:children;Edmure
Queen Margaery's;per:siblings;Loras Tyrell
Walder Frey;per:parents;Ryman
Jon;per:parents;Tormund
Jon;per:siblings;Arya
Jon;per:children;Munda
Sansa;per:siblings;Margaery
Aemon Targaryen;per:siblings;Queen Naerys
Sansa;per:parents;Lord Tyrell
Joffrey Baratheon;per:spouse;Margaery
Tywin;per:parents;Hullen
Samwell Tarly;per:siblings;Dickon
Randyll;per:children;Samwell Tarly
Samwell Tarly;per:siblings;Dickon
Talla;per:siblings;Samwell Tarly
Lysa Arryn;per:parents;Hoster Tully's
Mace Tyrell's;per:children;Ser Garlan
Grace King;per:children;Joffrey
Mace;per:children;Willas
Highgarden;per:spouse;Sybell Spicer
Sansa Stark;per:spouse;Tyrion
Edmure;per:siblings;Catelyn's
Willem;per:parents;Ser Kevan Lannister
Catelyn;per:parents;Maester Vyman
Joffrey;per:spouse;Myrcella
Aemon Targaryen;per:parents;Maekar
Robb;per:siblings;Arya
Arya;per:siblings;Robb
Robb;per:siblings;Arya
Walder Frey;per:parents;Merrett
Walder Frey;per:parents;Merrett
Aemon Targaryen;per:parents;Maekar I)
Aemon Targaryen;per:parents;Maekar I)
Ser Imry;per:parents;Ryam
Joffrey;per:siblings;Tommen
Jon;per:siblings;Arya
Val;per:siblings;Dalla
Ygritte;per:siblings;Gendel
Tanda;per:children;Sansa
Sansa;per:siblings;Willas
Sansa;per:siblings;Willas
Bran Stark;per:parents;Lord Rickard
Renly;per:children;Bran Stark
Brienne Tarth;per:parents;Selwyn
King Tommen 's;per:siblings;Gerion Lannister
Craster;per:spouse;Gilly
Gilly;per:parents;Craster
Lister;per:siblings;Lennocks
Randa;per:siblings;Matt
Catelyn;per:siblings;Edmure-Lord Edmure
Catelyn;per:siblings;Edmure
Rollam The man squire;per:siblings;Ser Raynald
Ser Kevan's;per:children;Martyn
Lothar;per:siblings;Walder Rivers
Lothar;per:siblings;Walder Rivers
Walder Frey;per:parents;Jammos
Ser Rodrik;per:children;Beth
Ser Rodrik's;per:children;Beth
Roslin;per:parents;Lady Bethany
Lothar Frey;per:siblings;Edmure
Lothar Frey;per:siblings;Edmure
Daemon Blackfyre;per:siblings;Toyne
Aegon Targaryen;per:parents;Rhaegar
Walda Frey;per:parents;Walton
Walda Frey;per:parents;Merrett
Walda Frey;per:parents;Merrett
the Lady Roslin Frey;per:spouse;Edmure Edmure Tully
Harmen Uller;per:siblings;Ser Ulwyck
Dagos Manwoody;per:siblings;Ser Myles
Larra Blackmont;per:children;Jynessa
Tywin;per:siblings;Jaime
Gregor Clegane;per:siblings;Sandor Clegane
Eddard Stark's;per:children;the Prince of Winterfell
Jon;per:parents;Ygritte
Alysanne;per:spouse;Jaehaerys I Targaryen
Alysanne;per:spouse;King Jaehaerys I Targaryen
Wylla;per:siblings;Arya
Eddard Stark;per:parents;Robert
Bran Stark;per:siblings;Eddard Stark
Tywin Lannister's;per:parents;Lord Tytos
Ser Raynald;per:siblings;Jeyne
Dacey;per:parents;Lady Maege
Maege;per:children;Dacey
Bran Stark;per:siblings;Edmure
Lothar;per:siblings;Bran Stark
Catelyn;per:siblings;Bran Stark
Baelor Targaryen;per:parents;Daeron II
Deepwood Motte;per:spouse;Robett
Bran;per:siblings;Rickon
Ser Ryman;per:parents;Ser Stevron
Walder;per:siblings;Ryman
Walder Frey;per:parents;Ryman
Walder Frey;per:parents;Ryman
Walder Frey;per:parents;Ryman
Walder Frey;per:parents;Ryman
Walder Aegon Frey;per:parents;Stevron
Arwyn;per:parents;Aegon Frey
Aegon Frey;per:parents;Stevron
Aegon Frey;per:parents;Stevron
Aegon Frey;per:parents;Stevron
Roslin;per:parents;Lady Frey
Aegon Frey;per:parents;Stevron) mouth
Aegon Frey;per:parents;Stevron
Aegon Frey;per:parents;Stevron
Aegon Frey;per:parents;Stevron
Aegon Frey;per:parents;Stevron
Aegon Frey;per:parents;Stevron
Aegon Frey;per:parents;Stevron
Dreadfort;per:children;Ramsay
Aegon Frey;per:parents;Stevron
Aegon Frey;per:parents;Stevron
Walda Frey;per:parents;Walton
Walder;per:children;Merrett
Walda Frey;per:parents;Walton
Walda Frey;per:parents;Merrett
Walda Frey;per:parents;Merrett
Walda Frey;per:parents;Merrett
Walda Frey;per:parents;Merrett
Walda Frey;per:parents;Merrett
Walda Frey;per:parents;Merrett
Walda Frey;per:parents;Merrett
Walda Frey;per:parents;Merrett
Walda Frey;per:parents;Merrett
Walda Frey;per:parents;Merrett
Walda Frey;per:parents;Merrett
Walda Frey;per:parents;Merrett
Aegon Frey;per:parents;Stevron
Walda Frey;per:parents;Merrett
Walda Frey;per:parents;Merrett) Bolton
Walda Frey;per:parents;Merrett
Walda Frey;per:parents;Merrett
Aegon Frey;per:parents;Stevron
Aegon Frey;per:parents;Stevron
Aegon Frey;per:parents;Stevron
Aegon Frey;per:parents;Stevron
Aegon Frey;per:parents;Stevron
Aegon Frey;per:parents;Stevron
Walda Frey;per:parents;Merrett
Walda Frey;per:parents;Merrett
Aegon Frey;per:parents;Stevron
Aegon Frey;per:parents;Stevron
Aegon Frey;per:parents;Stevron
Tyrion;per:spouse;Sansa
Baelor Targaryen;per:parents;Daeron II
Maester Cressen;per:children;Devan
Davos;per:children;Devan
Devan;per:parents;Baelor
Davos;per:children;Devan
Devan;per:parents;Davos
Meera;per:siblings;Jojen
Tyrion;per:spouse;Sansa
Tyrion;per:spouse;Sansa
Shae;per:spouse;Ser Tallad
Joffrey Baratheon;per:spouse;Margaery
Aemon Targaryen;per:parents;Maekar
Aemon Targaryen;per:parents;Maekar
Joffrey;per:spouse;Margaery
Queen Cersei;per:spouse;Tyrell
Walder Frey;per:parents;Ryman
Kevan Lannister;per:spouse;Sansa
Loras;per:siblings;Joffrey
the Lady Leonette;per:spouse;Garlan Tyrell
Tyrion;per:parents;Tywin
Riverrun;per:spouse;Hoster Tully
Tyrion;per:siblings;Cersei
Cersei;per:children;Robert
Aegon Targaryen;per:parents;Rhaegar
Grenn;per:siblings;Pypar
Gunthor;per:parents;Gurn
Joffrey;per:parents;Mace Tyrell
Sansa;per:spouse;Mace Tyrell
Ser Osfryd;per:siblings;Osney
Tysha;per:spouse;Tyrion
Aemon Aemon Targaryen;per:parents;Maekar I)
Lord Tywin;per:spouse;Lady Joanna
Ser Osney;per:siblings;Ser Osfryd
Ser Garlan;per:siblings;Loras Tyrell
Aemon Aemon Targaryen;per:parents;Maekar I)
Aemon Aemon Targaryen;per:parents;Maekar I)
Hoster Tully;per:spouse;Jon Arryn
Aemon Aemon Targaryen;per:parents;Maekar I)
Margaery;per:spouse;Tommen
Val;per:siblings;Dalla
Ser Endrew Tarth;per:siblings;Ser Aladale Wynch
Tywin;per:siblings;Ser Kevan
Jaehaerys;per:parents;Aegon
Jaehaerys;per:parents;Aegon
Jaehaerys;per:parents;Aegon
Ser Emmon Frey;per:spouse;Genna
Bolton;per:children;Ramsay
Aemon Targaryen;per:parents;Maekar I)
Samwell Tarly;per:siblings;Gilly
Stannis;per:spouse;Queen Cersei
Aegon Targaryen;per:parents;Rhaegar
Aemon Targaryen;per:parents;Maekar
Aemon Aemon Targaryen;per:parents;Maekar I)
Eddard Stark's;per:children;Catelyn Stark's
Nestor Royce;per:children;Myranda
Sansa;per:children;Myranda
Myranda;per:parents;Nestor
Jon;per:spouse;Petyr
Lysa;per:spouse;Robert
Merrett;per:siblings;Walder
Walder Frey;per:parents;Ryman
Walder Frey;per:parents;Ryman
Walda Frey;per:parents;Walton
Walda Frey;per:parents;Walton
Walda Frey;per:parents;Walton
Stevron;per:children;Ser Ryman
Stevron;per:children;Ser Ryman
Walder Frey;per:parents;Ryman
Walder Frey;per:parents;Ryman
Walder Frey;per:parents;Ryman
Baelor Targaryen;per:parents;Daeron II
Baelor Targaryen;per:parents;Daeron II
Baelor Targaryen;per:parents;Daeron II
Baelor Targaryen;per:parents;Daeron II
Baelor Targaryen;per:parents;Daeron II
Baelor Targaryen;per:parents;Daeron II
Aegon Frey;per:parents;Stevron
Kyra;per:spouse;Garse Goodbrook
Meha;per:siblings;Varamyr Varamyr
Tyrion;per:spouse;Tysha
Daenerys Targaryen;per:parents;Aegon
Aegon;per:siblings;Rhaegar
Aegon;per:siblings;Viserys
Illyrio Mopatis;per:parents;Rhaegar Targaryen
Tyrion Lannister;per:siblings;Jaime
Mance;per:spouse;Dalla
Bran;per:siblings;Tommen King Tommen
Aemon Targaryen;per:parents;Maekar I)
Aemon Targaryen;per:parents;Maekar I)
Aemon Targaryen;per:parents;Maekar I)
Aemon Targaryen;per:parents;Maekar I)
Aemon Targaryen;per:parents;Maekar I)
Aemon Targaryen;per:parents;Maekar I)
Willam;per:siblings;Artos Stark
Aegon;per:siblings;Prince Aemond
Tywin;per:children;Tyrion Lannister
Aegon Targaryen;per:parents;Rhaegar
Halleck;per:siblings;Harma
Aemon Targaryen;per:parents;Maekar I)
Aemon Targaryen;per:parents;Maekar I)
Hazzea;per:parents;Drogon
Walder Frey;per:parents;Jammos
Walder Frey;per:parents;Merrett
Walder Frey;per:parents;Merrett
Walder Frey;per:parents;Merrett
Walder Frey;per:parents;Merrett
Walder Frey;per:parents;Merrett
Walder Frey;per:parents;Merrett
Walder Frey;per:parents;Merrett
Walder Frey;per:parents;Merrett
Walder Frey;per:parents;Merrett
Walder Frey;per:parents;Merrett
Walder Frey;per:parents;Merrett
Walder Frey;per:parents;Merrett
Walder Frey;per:parents;Merrett
Walder Frey;per:parents;Merrett
Walder Frey;per:parents;Merrett
Walder Frey;per:parents;Merrett
Walder Frey;per:parents;Merrett
Walder Frey;per:parents;Merrett
Walder Frey;per:parents;Merrett
Walder Frey;per:parents;Merrett
Walder Frey;per:parents;Merrett
Walder Frey;per:parents;Merrett
Walder Frey;per:siblings;Merrett)Walder Frey
Walder Frey;per:parents;Merrett
Walder Frey;per:parents;Merrett
Walder Frey;per:parents;Merrett
Walder Frey;per:parents;Merrett
Walder Frey;per:parents;Merrett
Walder Frey;per:parents;Merrett
Walder Frey;per:parents;Merrett
Walder Frey;per:parents;Merrett
Walder Frey;per:parents;Merrett
Eddard;per:children;Arya
Meera;per:siblings;Hodor
Bran;per:siblings;Arya
Yandry;per:spouse;Ysilla
Aegon Targaryen;per:parents;Rhaegar
Aegon Targaryen;per:parents;Rhaegar
Aegon Targaryen;per:parents;Rhaegar
Aegon Targaryen;per:parents;Rhaegar
Aegon Targaryen;per:parents;Rhaegar
Aegon Targaryen;per:parents;Rhaegar
Aegon Targaryen;per:parents;Rhaegar
Aegon Targaryen;per:parents;Rhaegar
Aegon Targaryen;per:parents;Rhaegar
Aegon Targaryen;per:parents;Rhaegar
Aegon Targaryen;per:parents;Rhaegar
Aegon Targaryen;per:parents;Rhaegar
Aegon Targaryen;per:parents;Rhaegar
Aegon Targaryen;per:parents;Rhaegar
Aegon Targaryen;per:parents;Rhaegar
Aegon Targaryen;per:parents;Rhaegar
Aegon Targaryen;per:parents;Rhaegar
Aegon Targaryen;per:parents;Rhaegar
Marselen;per:siblings;Missandei
Massey;per:siblings;Robert
Aegon Targaryen;per:parents;Rhaegar
Aegon Targaryen;per:parents;Rhaegar
Aegon Targaryen;per:parents;Rhaegar
Aegon Targaryen;per:parents;Rhaegar
Aegon Targaryen;per:parents;Jon Connington
Aegon Targaryen;per:parents;Rhaegar
Aegon Targaryen;per:parents;Rhaegar
Aegon Targaryen;per:parents;Rhaegar
Aegon Frey;per:parents;Stevron
Stannis Baratheon;per:siblings;Robert
Eddard;per:spouse;Lady Catelyn
Walder Frey;per:parents;Merrett
Euron;per:siblings;the Euron Greyjoy
Aemon Targaryen;per:parents;Maekar I)'s
Halleck;per:siblings;Harma
Sigorn;per:parents;Magnar
Aegon Targaryen;per:parents;Rhaegar
Aegon Targaryen;per:parents;Rhaegar
Aegon Targaryen;per:parents;Rhaegar
Aegon Targaryen;per:parents;Rhaegar
Aegon Targaryen;per:parents;Rhaegar
Rhaegar;per:children;Aegon Targaryen
Daenerys;per:siblings;Rhaegar
Elia;per:children;Prince Aegon
Aegon Targaryen;per:parents;Rhaegar
Robett Glover;per:siblings;Galbart
Asha Greyjoy;per:parents;Balon
Asha Greyjoy;per:parents;Hagen
Volantis;per:parents;Valyria
Aegon Targaryen;per:parents;Rhaegar
Osgood Arryn;per:children;Oswin Arryn
Aemon Aemon Targaryen;per:parents;Maekar I)
Wendel;per:parents;Davos
Wendel;per:parents;Wyman Manderly
Shireen;per:parents;Queen Selyse
Walder Frey;per:parents;Merrett
Walder Frey;per:parents;Merrett
Walder Frey;per:parents;Merrett
Walder Frey;per:parents;Merrett
Walder Frey;per:parents;Merrett
Walder Frey;per:parents;Merrett
Walder Frey;per:parents;Merrett
Walder Frey;per:parents;Merrett
Walder Frey;per:parents;Merrett
Walder Frey;per:parents;Merrett
Walder Frey;per:parents;Merrett
Walder Frey;per:parents;Merrett
Walder Frey;per:parents;Merrett
Dustin;per:parents;Rodrik Ryswell's
Brynden;per:siblings;Bran
Pyke;per:children;Theon
Eddard Stark Stark's;per:children;Kyra
Eddard Stark Stark's;per:children;Reek
Eddard Stark;per:parents;Stark
Eddard Stark Stark's;per:children;Reek
Daenerys;per:siblings;Daeron II Targaryen
Daemon Blackfyre;per:siblings;Daeron
Obara;per:siblings;Tyene
Ser Hosteen;per:siblings;Theon Greyjoy
Walder Frey;per:parents;Merrett) Frey
Valiant Eddard Stark's;per:spouse;Catelyn Stark
Barbrey;per:siblings;Dustin
Galbart Glover's;per:spouse;Lady Sybelle
Theon;per:parents;Asha Greyjoy
Donnel Flint;per:siblings;Artos
Dalla;per:siblings;Stannis
Cregan;per:siblings;Harrion Karstark
Arya;per:siblings;Jon
Walder Frey;per:parents;Merrett
Walder Frey's;per:spouse;Tytos Blackwood
Karhold;per:siblings;Alys
Queen Selyse;per:spouse;Stannis
Walda Frey;per:parents;Merrett
Walda Frey;per:parents;Merrett
Walder Frey;per:parents;Jammos
Walder Frey;per:parents;Merrett
Walder Frey;per:parents;Merrett
Walder Frey;per:parents;Merrett
Walder Frey;per:parents;Merrett
Walder Frey;per:parents;Jammos
Walder Frey;per:parents;Merrett
Walder Frey;per:parents;Merrett
Walder Frey;per:parents;Merrett
Walder Frey;per:parents;Merrett
Theon;per:siblings;Robb
Toregg;per:parents;Tormund
Dalla;per:spouse;Mance Rayder
Shireen;per:siblings;Dalla
Norrey;per:parents;Eddard Stark
Cersei;per:spouse;Jaime
Lancel;per:parents;Cersei
Evenstar;per:children;Lady Brienne
Aegon;per:children;Jaehaerys
Aegon;per:children;Jaehaerys
Aegon;per:children;Jaehaerys
Longwater Pyke;per:siblings;Aeron
Shagga;per:parents;Dolf
Toregg;per:parents;Tormund
Tormund;per:children;Toregg
Knight;per:children;Ronnet
Raymund;per:siblings;Ronnet
Robert Baratheon;per:siblings;Renly
Prince Aegon;per:spouse;Elia
Robert;per:siblings;Stannis
Aegon Targaryen;per:parents;Rhaegar
Arnolf Karstark;per:children;Arthor
Arthor Karstark;per:parents;Arnolf Karstark
Daenerys Targaryen;per:siblings;Aeron
Brusco;per:children;Talea
Brusco;per:children;Talea
Brusco;per:children;Talea
Semosh;per:siblings;Selloso
Grace King Tommen;per:parents;Cersei
Rodrik Stark;per:parents;Beron
Daenerys;per:parents;Ashara
Gerrick;per:spouse;Ser Brus Buckler
Mance Rayder;per:children;Mance Rayder Melisandre
Elia of Dorne;per:spouse;Rhaegar
Leo Tyrell;per:parents;Moryn
Leo Tyrell;per:parents;Moryn
Leo Tyrell;per:parents;Moryn
Leo Tyrell;per:parents;Moryn
Leo Tyrell;per:parents;Moryn
Leo Tyrell;per:parents;Moryn
Aegon;per:parents;Prince Rhaegar's
Leo Tyrell;per:parents;Moryn
Leo Tyrell;per:parents;Moryn
Leo Tyrell;per:parents;Moryn
Leo Tyrell;per:parents;Moryn
Leo Tyrell;per:parents;Moryn
Leo Tyrell;per:parents;Moryn
Leo Tyrell;per:parents;Moryn
Moryn Tyrell;per:children;Leo
Donel;per:parents;Quellon
Gorold Goodbrother;per:children;Greydon
Quellon;per:siblings;Euron
Quellon Greyjoy;per:children;Victarion
Elia;per:siblings;Obara
Tyene;per:parents;Prince Oberyn
Daeron II Targaryen;per:spouse;Myriah
Osney;per:siblings;Osfryd
Tommen;per:parents;Mace Tyrell
Tommen;per:parents;Mace Tyrell
Lucas Lothston;per:children;Manfryd
Aemon Aemon Targaryen;per:parents;Maekar I)
King Tommen;per:siblings;Bran
Aemon Targaryen;per:parents;Maekar I)
Randyll;per:children;Samwell Tarly
Tommen;per:spouse;Margaery
Ser Steffon Hollard;per:children;Dontos
Robb;per:parents;Catelyn Stark
Catelyn;per:children;Arya
Petyr;per:children;Alayne
Nestor;per:children;Alayne
Ronnel;per:siblings;Jon Arryn
Harren;per:parents;Sawane
Balon;per:spouse;Lady Alannys
Tommen;per:spouse;Margaery Tyrell
Robert;per:siblings;Renly
Loras;per:siblings;Margaery
Mace Tyrell's;per:children;Garlan
Tyrion;per:siblings;Eddard Stark
Elia;per:siblings;Rhaenys
Elia;per:siblings;Myrcella
Aemon Targaryen;per:parents;Maekar
Randyll;per:children;Dickon
Samwell Tarly's;per:siblings;Hobber
Samwell Tarly's;per:siblings;Dickon
Jaime;per:parents;Tywin Lannister
Tanda;per:children;Lollys
Lollys;per:spouse;Tyrion
Lollys;per:children;Tyrion
Tyrion;per:parents;Lady Merryweather
Jaime;per:siblings;Tommen
Aemon Aemon Targaryen;per:parents;Maekar I)
Robert;per:children;Jon Arryn
Cersei;per:children;Dorcas
Balon;per:children;Victarion
Qarl the Maid;per:spouse;Tristifer Botley
Balon;per:siblings;Quellon
Garin;per:siblings;Arianne
Uller;per:children;Ellaria Sand
Umma;per:siblings;Sansa
Arya of Winterfell;per:parents;Eddard Stark
Jon Arryn's;per:spouse;Lysa Arryn
Willam;per:parents;Lysa
Hunter;per:parents;Lady Anya's
Osmund;per:siblings;Robert
Prince Doran;per:children;Arianne
Willam;per:siblings;Robin
Merryweather;per:spouse;Garlan Tyrell
A lord's;per:children;Margaery
Woodwright;per:siblings;Portifer
Joffrey Baratheon;per:parents;Robert
Rodrik;per:parents;Balon
Lancel;per:spouse;the Lady Amerei
Walder Frey;per:parents;Ryman
Jaime;per:spouse;Lady Amerei
Walder Frey;per:parents;Ryman
Walder Frey;per:parents;Ryman
Harys Haigh;per:siblings;Donnel
Baelor I Targaryen;per:siblings;Daena
Eddard Stark Stark's;per:children;Cersei
Ser Hyle;per:siblings;Gillam
King;per:spouse;Margaery Tyrell
Paxter Redwyne;per:children;Desmera
Amerei's;per:parents;Darry
Amerei;per:parents;Amerei Frey
Walder Frey;per:parents;Ryman
Walder Frey;per:parents;Ryman
Walder Frey;per:parents;Ryman
Walder Frey;per:parents;Ryman
Walder Frey;per:parents;Ryman
Hoster;per:children;Lysa
Lysa;per:siblings;Catelyn
Jeyne;per:siblings;Mariya
Brusco;per:children;Brea
Brusco;per:children;Talea
Aemon Targaryen;per:parents;Maekar I)
Aemon Targaryen;per:parents;Maekar I
Rhaegar;per:parents;Aerys
Garlan Tyrell;per:siblings;Robert
Morra;per:siblings;Mellei
Tyene;per:siblings;Quentyn
Quentyn;per:siblings;Arianne
Andrey Dalt;per:siblings;Ser Deziel Dalt
Ellaria Sand;per:parents;Harmen
Arianne;per:siblings;Quentyn
Jeyne Fowler;per:siblings;Jennelyn
Myranda Royce;per:parents;Nestor
Harrion Karstark;per:spouse;Myranda
Jon;per:siblings;Alys
Jasper;per:children;Ser Ronnel Arryn
Lysa Arryn's;per:children;Elbert
Elbert;per:parents;Elys
Boy Jasper;per:children;Elbert
Mad King Aerys;per:children;Elbert
Aemon Aemon Targaryen;per:parents;Maekar I)
Osney;per:siblings;Ser Osfryd
Jaime;per:siblings;Catelyn
Westerling;per:spouse;Lady Westerling
Joy;per:parents;Gerion
Walder Frey;per:parents;Ser Ryman
Piper;per:children;Marq
Aemon Aemon Targaryen;per:parents;Maekar I)
Marq;per:parents;Cersei
Samwell;per:parents;Tarly
Aemon Targaryen;per:parents;Maekar
Aemon Targaryen;per:parents;Maekar I)
Aemon Targaryen;per:parents;Maekar I)
Aemon Targaryen;per:parents;Maekar I)
Bran;per:siblings;Jon Snow
Bran;per:siblings;Jon Snow
Jon;per:siblings;Bran
Harwin;per:parents;Hullen
Catelyn;per:spouse;Eddard Stark
Jon;per:children;Lysa
Elia Martell;per:siblings;Viserys
Khal Moro;per:children;Rhogoro
Theon;per:parents;Eddard Stark
Jaime;per:siblings;Robert
Rickard Stark;per:children;Eddard Stark
Jon Arryn;per:children;Eddard Stark
Jon;per:parents;Lady Stark
Arya;per:siblings;Robb
Eddard Stark;per:children;Jon
Eddard Stark;per:children;Catelyn
Catelyn;per:spouse;Eddard Stark
Sansa;per:spouse;Joffrey
Catelyn;per:parents;Eddard Stark
Jon;per:parents;Eddard Stark
Arya;per:siblings;Sansa
Sansa;per:siblings;Jeyne
Bran;per:parents;the Hand of the King
Aemon Aemon Targaryen;per:parents;Maekar I)
Ser Erryk;per:siblings;Ser Arryk
Jaime;per:spouse;Cersei
Jaime;per:siblings;Tyrion
Eddard;per:siblings;Bran Stark
Daenerys Targaryen;per:spouse;Khal Drogo
Khal Drogo;per:siblings;Viserys
Viserys;per:siblings;Illyrio
Maester Luwin;per:children;Catelyn
Catelyn;per:children;Bran
Sansa;per:siblings;Arya
Arya;per:siblings;Sansa
Sansa;per:siblings;Arya
Sansa;per:siblings;Arya
Arya;per:siblings;Sansa
Joffrey;per:children;Prince Joffrey
Arya;per:siblings;Sansa
Jory;per:parents;Eddard Stark
Bran;per:siblings;Robb
Bran;per:siblings;Robb
Lysa;per:siblings;Varys
Jon;per:siblings;Rickon
Tyrion;per:siblings;Jaime
Sansa;per:siblings;Arya
Hullen;per:children;Harwin
Rhaegar;per:siblings;Rhaegar Targaryen
Bran;per:siblings;Rickon
Arya Stark;per:siblings;Jon
Tyrion Lannister;per:siblings;Jon
Robb;per:siblings;Jon
Yoren;per:siblings;Bran
Robb Stark;per:siblings;Bran
Jaehaerys;per:siblings;Aerys Targaryen
Eddard Stark;per:children;Arya
Eddard Stark;per:children;Arya
Robb;per:siblings;Arya
Randyll Tarly;per:children;Samwell
Samwell;per:parents;Ser Alliser
Samwell Tarly;per:siblings;Grenn
Garlan Tyrell;per:siblings;Stannis
Garlan Tyrell;per:siblings;Margaery
Jason Mallister;per:children;Patrek
Hoster Tully;per:children;Catelyn
Ser Robar;per:siblings;Ser Andar Royce
Patrek Mallister;per:parents;Jason
Martyn Rivers;per:parents;Walder Frey
Sandor Clegane;per:siblings;Garlan Tyrell
Sandor Clegane;per:siblings;Ser Gregor Gregor Clegane
Robar;per:parents;Yohn Royce's
Mace Tyrell;per:children;Ser Loras
Sansa;per:siblings;Arya
Arya;per:parents;Eddard Stark
Aemon Aemon Targaryen;per:parents;Maekar I)
Jaime;per:siblings;Tyrion Tyrion
Hand;per:spouse;Tully
Robert;per:spouse;Catelyn
Hoster;per:siblings;Brynden Tully
Lysa;per:siblings;Catelyn
Arryn;per:siblings;Cersei
Lysa;per:children;Catelyn
Daenerys Targaryen;per:siblings;Viserys
Robert Baratheon;per:siblings;Stannis
Arryn;per:children;Jaime
Jory;per:parents;Martyn Cassel
Jaime;per:siblings;Tyrion
Robert;per:spouse;Lyanna
Shagga;per:parents;Dolf
Tyrion;per:parents;Tywin
Gunthor;per:parents;Gurn
Gunthor;per:parents;Gurn
Gunthor;per:parents;Gurn
Gunthor;per:parents;Gurn
Catelyn;per:siblings;Edmure Tully
Bran;per:parents;Cersei
Tya Lannister;per:spouse;Gowen Baratheon
Tya Lannister;per:spouse;Gowen Baratheon
the khalakka Fogo;per:parents;Khal Ogo
Ser Jorah;per:siblings;Rhaegar
Rhaegar;per:siblings;Daenerys Targaryen
Rhaegar;per:siblings;Ser Jorah
Rhaegar;per:siblings;Daenerys Targaryen
Ser Jorah;per:siblings;Rhaegar
Daenerys Targaryen;per:siblings;Rhaegar
Daenerys Targaryen;per:siblings;Rhaegar
Bran Stark;per:spouse;Lyanna
Joffrey;per:parents;Robert
Renly;per:siblings;Robert
Stannis;per:siblings;Robert
Jory;per:children;Jon
the Lady Catelyn;per:children;Sansa Sansa
Joffrey;per:parents;the Lady Catelyn Stark
Lord Rickard;per:children;Bran Stark
Rhaegar;per:siblings;Rhaegar Targaryen
Rhaego;per:parents;Drogo
Drogo;per:parents;Bharbo
Ser Wylis;per:siblings;Ser Wendel
Edmure;per:siblings;Catelyn
Robb;per:children;Ser Wendel
Chella;per:parents;Cheyk of the Black Ears
Jaime;per:siblings;Tyrion
Gunthor;per:parents;Gurn
Gunthor;per:parents;Gurn
Gunthor;per:parents;Gurn
Gunthor;per:parents;Gurn
Tyrion;per:siblings;Kevan Lannister
Chella;per:parents;Cheyk of the Black Ears
Chella;per:parents;Cheyk of the Black Ears
Conn;per:parents;Coratt
Shagga;per:parents;Dolf
Ulf;per:parents;Umar of the Moon Brothers
Tywin;per:parents;Tytos of House Lannister
Shagga;per:parents;Dolf
Shagga;per:parents;Dolf
Chella;per:parents;Cheyk
Lysa Arryn;per:children;Robert
Hoster Tully;per:siblings;Ser Brynden
Edmure;per:siblings;Catelyn
Edmure;per:siblings;Catelyn
Merrett;per:children;Walder
Ronel Rivers;per:parents;Walder
Frey;per:children;Olyvar
Frey;per:children;Olyvar
Frey;per:children;Olyvar
Walder;per:children;Elmar
Aemon Aemon Targaryen;per:parents;Maekar I)
Fogo;per:siblings;Khal Ogo
Conn;per:parents;CorattCoratt
Tyrion;per:siblings;Jaime
Tywin Lannister's;per:children;Jaime
Tyrion;per:parents;Umar
Ulf;per:parents;Umar
Conn;per:parents;Coratt
Conn;per:parents;Coratt
Chella;per:parents;Cheyk
Tywin Lannister;per:children;Addam Marbrand
Walder;per:children;Robb
Eddard;per:siblings;Torrhen Karstark
Dacey Mormont;per:parents;Maege
Daenerys Targaryen;per:children;Rhaego
Drogo;per:children;Rhaego
Aemon Targaryen;per:parents;Maekar I)
Sansa;per:parents;Joffrey
Rhaegar Targaryen;per:children;Drogo
Rhaegar Targaryen;per:siblings;Rhaegar
Renly Baratheon;per:spouse;Margaery Tyrell
Arya Stark;per:siblings;Robb
Robb;per:siblings;Mormont
Robb;per:siblings;Aemon Targaryen
Eddard;per:siblings;Benjen
Edmure;per:siblings;Lysa
Joffrey;per:parents;Robert
Garlan Tyrell's;per:siblings;Robert