Parent,
Adopter,
Born,
Bornin,
Bornt,
Father,
Dad,
Daddy,
Papa,
Mama,
Mother,
Mum,
Mom,
Stepfather,
Step-father,
Stepmother,
Step-mother,
Step-parent,
Stepparent,
Child,
Children,
Adopt,
Adopting,
Adopted,
Adoption,
Adoptive,
Kid,
Offspring,
Son,
Daughter,
Stepson,
Step-son,
Stepdaughter,
Step-daughter,
Couple,
Ex,
Ex-couple,
Husband,
Ex-husband,
Hubby,
Ex-hubby,
Widow,
Ex-widow,
Better-half,
Significant-other,
Wife,
Ex-wife,
Wives,
Ex-wives,
Wed,
Wedding,
Wedded,
Marry,
Marries,
Marrying,
amage,
Remarry,
Remarries,
Remarrying,
Remarried,
Life-partner,
Marriage-partner,
Newlywed,
Girlfriend,
Ex-girlfriend,
Boyfriend,
Ex-boyfriend,
Concubine,
Ex-concubine,
Lover,
Ex-lover,
Fiancć,
Fiancće,
Betroth,
Betrothed,
Affianced,
Engage,
Engaging,
Engaged,
Love,
Ex-love,
Dating,
Spouse,
Common-law-spouse,
Cohabitant,
Ex-cohabitant,
Partner,
Ex-partner,
Consort,
Ex-consort,
Mistress,
Ex-mistress,
Domestic-partner,
Significant-other,
Enbyfriend,
Divorce,
Divorcing,
Divorced,
Sibling,
Siblings,
Brother,
Sister,
Brothers,
Sisters,
Stepsister,
Step-sister,
Half-sister,
Halfsister,
Stepbrother,
Step-brother,
Half-brother,
Halfbrother,
Bro,
Sis,
Sib,
Relative,
Uncie,
Aunt,
Cousin,
ep ew,
Niece,
Father-in-law,
Fathers-in-law,
Mother-in-law,
Mothers-in-law,
Brother-in-law,
Brothers-in-law,
Sister-in-law,
Sisters-in-law,
Son-in-law,
Sons-in-law,
Daughter-in-law,
Daughters-in-law,
Grandparent,
Grand-parent,
Grandfather,
Grand-father,
Great-grandfather,
Grand mother,
Grand-mother,
Great-grandmother,
Grandchild,
Grand-child,
Great-grandchild,
Grandchildren,
Grand-children,
Great-grandchildren,
Grandson,
Grand-son,
Grandson,
Great-grandson,
Granddaughter,
Grand-daughter,
Great-granddaughter,
Co-husband,
Co-wife,
Co-wives,
Ancestor,
Descendant,
Lineal-descendant,